OBJECTID,GlobalID,CreationDate,Creator,EditDate,Editor,Notes,Tissue_Sample,Hind_Limb_Length,Foot_Width,Wrist_Width,Forelimb_Length_Nail_to_Elbow,Bolea_Head_Width,Maxillary_Head_Width,Head_Length,Finger_Length,Hand_Width,Ear_Length_Notch,Toe_Length,Foot_Length,Tail_Length,Body_Length,Reproductive_Stage,Sex,Life_Stage,Weight_Animal_Only,Weight_Bag_Animal,Species,Genus,Tag,YN_Recapture,YN_Animal,LOC,DT,esrignss_speed,esrignss_direction,esrisnsr_azimuth,esrignss_positionsourcetype,esrignss_receiver,esrignss_h_rms,esrignss_v_rms,esrignss_latitude,esrignss_longitude,esrignss_altitude,esrignss_pdop,esrignss_hdop,esrignss_vdop,esrignss_fixtype,esrignss_correctionage,esrignss_stationid,esrignss_numsats,esrignss_fixdatetime,esrignss_avg_h_rms,esrignss_avg_v_rms,esrignss_avg_positions,esrignss_h_stddev,NOTES,Foot_mm,Subspecies_Code,Species_Code,Tripped_Trap_y_n,Bait_Stolen_y_n,Recap_y_n,Animal_y_n,date_time,KRAT_Forelimb_Width_mm
1,{12890BA2-1619-41C5-AE55-5B1D7D252FFB},2025-11-08T16:01:31Z,jotmille_UCSC,2026-01-29T18:57:48Z,jotmille_UCSC,Did not tag,NA,51,5,3,39,18,15,51,10,7,17,15,46,233,122,Non-Reproductive,Female,Adult,82,100,Dipodomys venustus,Di,NA,No,Yes,Hastings,2025-11-08T16:01:37Z,NA,NA,NA,NA,NA,NA,NA,NA,NA,NA,NA,NA,NA,NA,NA,NA,NA,NA,NA,NA,NA,NA,NA,NA,NA,NA,NA,NA,NA,NA,NA,NA
2,{A720CCF9-2B13-4707-B8D2-426CE01002E3},2025-11-08T16:19:58Z,jotmille_UCSC,2026-01-29T18:58:07Z,jotmille_UCSC,NA,22,48.38,5.34,3.03,34.76,23.8,21.52,45.51,8,7,18,15,43,211,93,Unknown,Unknown,Adult,76,94,Dipodomys venustus,Di,108,Yes,Yes,Hastings,2025-11-08T16:20:10Z,NA,NA,NA,NA,NA,NA,NA,NA,NA,NA,NA,NA,NA,NA,NA,NA,NA,NA,NA,NA,NA,NA,NA,NA,NA,NA,NA,NA,NA,NA,NA,NA
3,{E90F2F02-96F0-4E67-A73E-A4B3C000C67D},2025-11-08T17:07:49Z,jotmille_UCSC,2026-01-29T18:58:27Z,jotmille_UCSC,NA,23,51.19,5.83,3.51,34.62,20.38,19.96,47.27,10,6,17,17,45,236,NA,NA,NA,NA,NA,88,Dipodomys venustus,Di,948,Yes,No,Hastings,2025-11-08T17:09:58Z,NA,NA,NA,NA,NA,NA,NA,NA,NA,NA,NA,NA,NA,NA,NA,NA,NA,NA,NA,NA,NA,NA,NA,NA,NA,NA,NA,NA,NA,NA,NA,NA
4,{865AF038-9B16-44EE-91E3-5A336500AB37},2025-11-08T17:19:22Z,jotmille_UCSC,2026-01-29T18:58:33Z,jotmille_UCSC,NA,24,52.34,5.74,3.96,37.41,24.03,18.01,47,9,7,20,15,46,233,110,Non-Reproductive,Male,Adult,89,110,Dipodomys venustus,Di,917,No,No,Hastings,2025-11-08T17:19:23Z,NA,NA,NA,NA,NA,NA,NA,NA,NA,NA,NA,NA,NA,NA,NA,NA,NA,NA,NA,NA,NA,NA,NA,NA,NA,NA,NA,NA,NA,NA,NA,NA
5,{B464F9EF-9309-4CA1-8F9C-1D45FF69CA99},2025-11-09T16:19:56Z,rmcrowle@ucsc.edu_UCSC,2026-01-29T18:58:35Z,jotmille_UCSC,NA,NA,52.9,5.57,2.74,36.15,20.51,22.52,47.7,10,8,20,16,48,239,128,Non-Reproductive,Female,Adult,82,105,Dipodomys venustus,Di,910,No,Yes,Hastings,2025-11-09T16:15:25Z,NA,NA,NA,NA,NA,NA,NA,NA,NA,NA,NA,NA,NA,NA,NA,NA,NA,NA,NA,NA,NA,NA,NA,NA,NA,NA,NA,NA,NA,NA,NA,NA
6,{909C48BB-D2E9-444E-BCDA-7D063BB53D50},2025-11-09T17:49:43Z,jotmille_UCSC,2026-01-29T18:58:42Z,jotmille_UCSC,NA,NA,NA,NA,NA,NA,NA,NA,NA,NA,NA,NA,NA,NA,NA,NA,NA,NA,NA,NA,NA,Dipodomys venustus,Di,817,Yes,Yes,Hastings,2025-11-09T17:49:47Z,NA,NA,NA,NA,NA,NA,NA,NA,NA,NA,NA,NA,NA,NA,NA,NA,NA,NA,NA,NA,NA,NA,NA,NA,NA,NA,NA,NA,NA,NA,NA,NA
7,{FE777AE5-3A52-4F26-B886-A96870C81D5D},2025-11-09T18:07:58Z,jotmille_UCSC,2025-11-09T18:07:58Z,jotmille_UCSC,"Escaped early, pictures provided by Hadley",NA,48.93,5.15,3.21,36.46,24.23,19.35,46.05,10,7,16,13,43,237,103,NA,NA,NA,NA,105,Dipodomys venustus,Di,Footprint number #2,No,Yes,Hastings,2025-11-09T18:08:03Z,NA,NA,NA,NA,NA,NA,NA,NA,NA,NA,NA,NA,NA,NA,NA,NA,NA,NA,NA,NA,NA,NA,NA,NA,NA,NA,NA,NA,NA,NA,NA,NA
8,{B3D53598-D12E-4EA8-AE01-C8D8015CDC12},2025-11-22T18:15:25Z,jotmille_UCSC,2026-01-29T18:58:44Z,jotmille_UCSC,NA,NA,NA,NA,NA,NA,23.07,22.72,44.57,10,6,18,11,46,209,100,NA,Female,NA,78,95,Dipodomys venustus,Di,NA,No,No,Hastings,2025-11-22T18:15:28Z,NA,NA,NA,NA,NA,NA,NA,NA,NA,NA,NA,NA,NA,NA,NA,NA,NA,NA,NA,NA,NA,NA,NA,NA,NA,NA,NA,NA,NA,NA,NA,NA
9,{249F3771-070B-4272-B753-B653046018F3},2025-11-22T15:36:11Z,jotmille_UCSC,2026-01-29T18:58:46Z,jotmille_UCSC,NA,84,46.6,5.27,3.34,34.77,18.8,17.18,41.88,9,6,16,16,41,232,117,Non-Reproductive,Female,Adult,79,98,Dipodomys venustus,Di,127,No,No,Hastings,2025-11-22T15:36:13Z,NA,NA,NA,NA,NA,NA,NA,NA,NA,NA,NA,NA,NA,NA,NA,NA,NA,NA,NA,NA,NA,NA,NA,NA,NA,NA,NA,NA,NA,NA,NA,NA
10,{E56D9DC1-BF1A-4B30-BD19-9762A5035A7C},2025-11-22T15:52:51Z,jotmille_UCSC,2026-01-29T18:58:48Z,jotmille_UCSC,NA,NA,NA,NA,NA,NA,NA,NA,NA,NA,NA,NA,NA,NA,NA,NA,NA,NA,NA,NA,100,Dipodomys venustus,Di,948,Yes,Yes,Hastings,2025-11-22T15:52:52Z,NA,NA,NA,NA,NA,NA,NA,NA,NA,NA,NA,NA,NA,NA,NA,NA,NA,NA,NA,NA,NA,NA,NA,NA,NA,NA,NA,NA,NA,NA,NA,NA
11,{84E3AF01-2928-4DB9-9E8A-2E009078CE20},2025-11-22T16:10:42Z,jotmille_UCSC,2026-01-29T18:58:54Z,jotmille_UCSC,NA,NA,NA,NA,NA,NA,NA,NA,NA,NA,NA,NA,NA,NA,NA,NA,NA,NA,NA,NA,NA,Dipodomys venustus,Di,817,No,Yes,Hastings,2025-11-22T16:10:43Z,NA,NA,NA,NA,NA,NA,NA,NA,NA,NA,NA,NA,NA,NA,NA,NA,NA,NA,NA,NA,NA,NA,NA,NA,NA,NA,NA,NA,NA,NA,NA,NA
12,{F6E87A2A-7465-428C-8629-E4B3F107653E},2025-11-22T18:08:26Z,jotmille_UCSC,2026-01-29T18:59:01Z,jotmille_UCSC,NA,NA,NA,NA,NA,NA,NA,NA,NA,NA,NA,NA,NA,NA,NA,NA,NA,NA,NA,NA,NA,Dipodomys venustus,NA,108,No,No,Hastings,2025-11-22T18:08:30Z,NA,NA,NA,NA,NA,NA,NA,NA,NA,NA,NA,NA,NA,NA,NA,NA,NA,NA,NA,NA,NA,NA,NA,NA,NA,NA,NA,NA,NA,NA,NA,NA
13,{1681CE0C-B97C-4369-AD48-EE42477A4DFC},2025-11-23T16:08:04Z,jotmille_UCSC,2026-01-29T18:58:57Z,jotmille_UCSC,NA,NA,NA,NA,NA,NA,NA,NA,NA,NA,NA,NA,NA,NA,NA,NA,NA,NA,NA,NA,NA,Dipodomys venustus,Di,127,Yes,No,Hastings,2025-11-23T16:08:37Z,NA,NA,NA,NA,NA,NA,NA,NA,NA,NA,NA,NA,NA,NA,NA,NA,NA,NA,NA,NA,NA,NA,NA,NA,NA,NA,NA,NA,NA,NA,NA,NA
14,{FEC6A137-9C0F-4E5E-BA9C-3299EB4B75E6},2025-11-23T16:32:24Z,jotmille_UCSC,2026-01-29T18:59:04Z,jotmille_UCSC,NA,NA,NA,NA,NA,NA,NA,NA,NA,NA,NA,NA,NA,NA,NA,NA,NA,NA,NA,NA,NA,Dipodomys venustus,Di,817,Yes,No,Hastings,2025-11-23T16:32:26Z,NA,NA,NA,NA,NA,NA,NA,NA,NA,NA,NA,NA,NA,NA,NA,NA,NA,NA,NA,NA,NA,NA,NA,NA,NA,NA,NA,NA,NA,NA,NA,NA
15,{F90E1EA1-1579-4A8A-8D5B-4B46C0A42944},2025-11-23T17:48:25Z,jotmille_UCSC,2026-01-29T18:59:08Z,jotmille_UCSC,NA,NA,NA,NA,NA,NA,NA,NA,NA,NA,NA,NA,NA,NA,NA,NA,Non-Reproductive,Female,NA,NA,NA,Dipodomys venustus,Di,108,Yes,No,Hastings,2025-11-23T17:48:31Z,NA,NA,NA,NA,NA,NA,NA,NA,NA,NA,NA,NA,NA,NA,NA,NA,NA,NA,NA,NA,NA,NA,NA,NA,NA,NA,NA,NA,NA,NA,NA,NA
16,{36898FCB-FE74-4BDA-831E-2F5B0A13235B},2025-11-23T17:58:17Z,jotmille_UCSC,2026-01-29T18:59:10Z,jotmille_UCSC,NA,RC202585,50.11,5.6,3.24,35.74,23.63,17.24,43.4,9,6,16,15,44,209,98,Non-Reproductive,Female,NA,NA,86,Dipodomys venustus,Di,B130,No,No,Hastings,2025-11-23T17:58:25Z,NA,NA,NA,NA,NA,NA,NA,NA,NA,NA,NA,NA,NA,NA,NA,NA,NA,NA,NA,NA,NA,NA,NA,NA,NA,NA,NA,NA,NA,NA,NA,NA
17,{DC67F73F-FF2D-4C80-B6EF-149E1AB3441C},2025-11-23T18:08:03Z,jotmille_UCSC,2026-01-29T18:59:24Z,jotmille_UCSC,Missing 2 fingers on right foot,RC202586,47.06,5.24,3.34,36.72,23.17,20.65,44.37,10,7,19,15,45,214,120,Reproductive,Female,Adult,NA,105,Dipodomys venustus,Di,131,No,No,Hastings,2025-11-23T18:08:16Z,NA,NA,NA,NA,NA,NA,NA,NA,NA,NA,NA,NA,NA,NA,NA,NA,NA,NA,NA,NA,NA,NA,NA,NA,NA,NA,NA,NA,NA,NA,NA,NA
18,{72A08C16-55C7-4D4D-81EA-71F5DD16A676},2026-01-17T18:29:37Z,jotmille_UCSC,2026-01-29T18:59:26Z,jotmille_UCSC,NA,NA,47.85,5.41,3.49,34.29,17.29,21.13,49.85,8,7,18,15,44,219,115,NA,Female,NA,81,93,Dipodomys venustus,DI,825,No,No,Hastings,2026-01-17T18:38:54Z,NA,NA,NA,NA,NA,NA,NA,NA,NA,NA,NA,NA,NA,NA,NA,NA,NA,NA,NA,NA,NA,NA,NA,NA,NA,NA,NA,NA,NA,NA,NA,NA
19,{AB1CCF14-4672-4ED0-BEA4-C47F8FFB9790},2026-01-17T18:53:57Z,jotmille_UCSC,2026-01-29T18:59:28Z,jotmille_UCSC,NA,NA,NA,NA,NA,NA,NA,NA,NA,NA,NA,NA,NA,NA,NA,NA,NA,Female,NA,NA,NA,Dipodomys venustus,DI,817,Yes,No,Hastings,2026-01-17T18:54:11Z,NA,NA,NA,NA,NA,NA,NA,NA,NA,NA,NA,NA,NA,NA,NA,NA,NA,NA,NA,NA,NA,NA,NA,NA,NA,NA,NA,NA,NA,NA,NA,NA
20,{A6D7521A-2861-4ED1-8716-F37CA38D878F},2026-01-18T17:45:13Z,jotmille_UCSC,2026-01-29T18:59:32Z,jotmille_UCSC,"Only a few ticks, sub adult.",RC2025-82,47.67,5.53,3.14,35.72,24.1,19.58,47.9,11,7,16,14,42,200,104,Non-Reproductive,Female,Adult,76,100,Dipodomys venustus,DI,844,No,No,Hastings,2026-01-18T17:45:23Z,NA,NA,NA,NA,NA,NA,NA,NA,NA,NA,NA,NA,NA,NA,NA,NA,NA,NA,NA,NA,NA,NA,NA,NA,NA,NA,NA,NA,NA,NA,NA,NA
21,{2A04C811-CB77-4AF0-A81C-127BE3E8F4D9},2026-01-18T18:11:01Z,jotmille_UCSC,2026-01-29T18:59:47Z,jotmille_UCSC,A few baby ticks on genitals,NA,NA,NA,NA,NA,NA,NA,NA,NA,NA,NA,NA,NA,NA,NA,NA,Female,NA,NA,NA,Dipodomys venustus,NA,825,Yes,No,Hastings,2026-01-18T18:11:02Z,NA,NA,NA,NA,NA,NA,NA,NA,NA,NA,NA,NA,NA,NA,NA,NA,NA,NA,NA,NA,NA,NA,NA,NA,NA,NA,NA,NA,NA,NA,NA,NA
22,{DB92A363-533F-4BE3-A07C-36EAD41EBFCE},2026-01-18T18:20:31Z,jotmille_UCSC,2026-01-29T18:59:48Z,jotmille_UCSC,Ticks,NA,NA,NA,NA,NA,NA,NA,NA,NA,NA,NA,NA,NA,NA,NA,NA,Female,NA,NA,100,Dipodomys venustus,NA,948,Yes,No,Hastings,2026-01-18T18:20:32Z,NA,NA,NA,NA,NA,NA,NA,NA,NA,NA,NA,NA,NA,NA,NA,NA,NA,NA,NA,NA,NA,NA,NA,NA,NA,NA,NA,NA,NA,NA,NA,NA
23,{781DC6FE-1400-4F60-8D90-CACDFC2281AC},2026-01-18T17:01:55Z,jotmille_UCSC,2026-01-29T18:59:50Z,jotmille_UCSC,NA,NA,NA,NA,NA,NA,NA,NA,NA,NA,NA,NA,NA,NA,NA,NA,NA,Female,NA,NA,NA,Dipodomys venustus,NA,131,No,No,Hastings,2026-01-18T17:08:59Z,NA,NA,NA,NA,NA,NA,NA,NA,NA,NA,NA,NA,NA,NA,NA,NA,NA,NA,NA,NA,NA,NA,NA,NA,NA,NA,NA,NA,NA,NA,NA,NA
24,{8BC70FBB-9445-4B1E-97A8-1FA29F27B14E},2026-01-18T18:28:12Z,jotmille_UCSC,2026-01-29T18:59:52Z,jotmille_UCSC,"Tick larvae on genitals, tail chopped off and found in a different trap",NA,NA,NA,NA,NA,NA,NA,NA,NA,NA,NA,NA,NA,NA,116,NA,Female,Adult,57,87,Dipodomys venustus,DI,817,Yes,No,Hastings,2026-01-18T18:28:13Z,NA,NA,NA,NA,NA,NA,NA,NA,NA,NA,NA,NA,NA,NA,NA,NA,NA,NA,NA,NA,NA,NA,NA,NA,NA,NA,NA,NA,NA,NA,NA,NA
5,{FEB74BF2-0B74-42AD-B6D5-9F09D9F4F6B8},2025-06-22T13:16:28Z,jotmille_UCSC,2026-01-29T19:07:27Z,jotmille_UCSC,NA,NA,NA,NA,1.86,NA,NA,37.73,45.35,NA,NA,18,NA,NA,230,108,NA,NA,NA,83,NA,Dipodomys venustus,Di,NA,NA,NA,Hastings,NA,0.01021108663043755,116.8659357545387,71.75609588623047,2,iPhone 15 Pro Max,4.74865153025832,4.487087438102936,36.38159445016123,-121.5428961424813,591.2760723438114,NA,NA,NA,NA,NA,NA,NA,2025-06-22T13:08:03Z,NA,NA,NA,NA,Released before tagging,48,NA,NA,NA,NA,NA,yes,2025-06-22T13:08:06Z,1
6,{C49E51CE-1C75-4A5F-8528-AF20F7F4AE0E},2025-06-22T13:32:05Z,jotmille_UCSC,2026-01-29T19:07:27Z,jotmille_UCSC,Forelomb length 32.02,NA,NA,NA,2.33,NA,NA,28.58,45.44,NA,NA,19,NA,NA,249,103,Unknown,Female,Adult,NA,NA,Dipodomys venustus,Di,748,NA,NA,Hastings,NA,0,205.7792880714765,15.5155086517334,2,iPhone 15 Pro Max,4.748651530191761,4.817027213502873,36.38172758801286,-121.5429777995105,593.1015183320269,NA,NA,NA,NA,NA,NA,NA,2025-06-22T13:18:26Z,NA,NA,NA,NA,NA,45,NA,NA,NA,NA,NA,NA,2025-06-22T13:20:10Z,NA
8,{A88CF80E-8AE9-4F14-9A3D-3A058082F354},2025-06-22T14:18:18Z,jotmille_UCSC,2026-01-29T19:11:19Z,jotmille_UCSC,Forelimb 34 l,NA,NA,NA,2.3,NA,NA,31.27,45.93,NA,NA,20,NA,NA,222,97,Unknown,Female,NA,95,NA,Dipodomys venustus,Di,102,NA,NA,Hastings,NA,NA,NA,NA,1,NA,NA,NA,NA,NA,NA,NA,NA,NA,NA,NA,NA,NA,NA,NA,NA,NA,NA,NA,44,NA,NA,NA,NA,NA,NA,2025-06-22T14:03:35Z,NA
9,{5890F4A3-D106-4FD9-A82F-112A53FF3672},2025-06-22T14:40:30Z,jotmille_UCSC,2026-01-29T19:11:17Z,jotmille_UCSC,Forelimb l 36.83 released before tagging and prints,NA,NA,NA,2.95,NA,NA,32.64,47.06,NA,7,19,NA,NA,176,105,Unknown,Female,NA,NA,NA,Dipodomys venustus,Di,Not tagged,NA,NA,Hastings,NA,NA,NA,NA,1,NA,NA,NA,NA,NA,NA,NA,NA,NA,NA,NA,NA,NA,NA,NA,NA,NA,NA,NA,45,NA,NA,NA,NA,NA,NA,2025-06-22T14:33:09Z,NA
74,{C20A9398-35A6-48E9-AE2A-2DFFF20CA52D},2025-06-22T16:50:27Z,jotmille_UCSC,2026-01-29T19:07:27Z,jotmille_UCSC,34.60,NA,NA,NA,3.58,NA,NA,30.6,41.76,NA,7,17,NA,NA,178,88,NA,Female,Adult,NA,NA,Dipodomys venustus,Di,108,NA,NA,Hastings,NA,0,164.1805644357423,30.82740211486816,2,iPhone 15 Pro Max,4.748651530191761,4.314171434602757,36.38459357026601,-121.5493462510923,562.4488804340363,NA,NA,NA,NA,NA,NA,NA,2025-06-22T16:39:31Z,NA,NA,NA,NA,NA,48,NA,NA,NA,NA,NA,NA,2025-06-22T16:39:34Z,NA
79,{10BF9F13-01B5-49BB-B553-A68EFAD124FE},2025-07-12T15:31:38Z,jotmille_UCSC,2025-07-13T19:40:46Z,jotmille_UCSC,Tissue 17,NA,48,NA,3.37,NA,NA,34.5,42,9,8,16,13,NA,185,101,NA,Female,Adult,65,NA,Dipodomys heermanni,Di,101,NA,NA,FONR,NA,0,NA,338.6339111328125,2,iPhone 15 Pro Max,8.751679597767932,6.687610997323342,36.68743170695581,-121.7795967950974,35.55832317750901,NA,NA,NA,NA,NA,NA,NA,2025-07-12T15:18:24Z,NA,NA,NA,NA,NA,42,NA,He,NA,NA,NA,NA,2025-07-12T15:18:27Z,NA
85,{16E7C340-4355-4874-8791-F7EF2761148F},2025-07-12T16:14:24Z,jotmille_UCSC,2025-07-13T19:40:40Z,jotmille_UCSC,Tissue 15,NA,46.68,NA,3.23,NA,NA,32.22,43.35,7,8,14,NA,NA,197,96,NA,Female,Adult,75,NA,Dipodomys heermanni,Di,110,NA,NA,FONR,NA,0.3145843507043788,15.09252885150295,320.0762329101562,2,iPhone 15 Pro Max,4.87915346547065,3.813497308935676,36.6783160950658,-121.767693887495,39.35239499807358,NA,NA,NA,NA,NA,NA,NA,2025-07-12T16:12:24Z,NA,NA,NA,NA,NA,40,NA,He,NA,NA,NA,NA,2025-07-12T16:04:41Z,NA
93,{76E00EAD-2023-4012-B853-FFA25979B897},2025-07-12T17:16:45Z,jotmille_UCSC,2025-07-12T17:16:45Z,jotmille_UCSC,Tissue 16,NA,48,NA,3.13,NA,NA,29.56,43.66,8,6,15,12,NA,200,99,Unknown,Male,NA,66,NA,Dipodomys heermanni,Di,103,NA,NA,FONR,NA,0,176.6954962465956,359.8787536621094,2,iPhone 15 Pro Max,6.20232750840216,4.841329234578986,36.66717448403249,-121.7661910349067,43.9180818842724,NA,NA,NA,NA,NA,NA,NA,2025-07-12T17:08:44Z,NA,NA,NA,NA,NA,43,NA,He,NA,NA,NA,NA,2025-07-12T17:08:45Z,NA
97,{334CEBBF-60A1-411A-9C22-4DA9081D7352},2025-07-12T17:45:37Z,jotmille_UCSC,2025-07-13T19:40:22Z,jotmille_UCSC,Tissue 9,NA,44.84,NA,3.14,NA,NA,27.07,NA,8.5,6,16,12,NA,188,118,Lactating,Female,Adult,82,NA,Dipodomys heermanni,Di,109,NA,NA,FONR,NA,0,65.9356043495699,217.6851959228516,2,iPhone 15 Pro Max,6.642786320608371,5.952872322255056,36.66295344328213,-121.7529567346325,47.54577584471554,NA,NA,NA,NA,NA,NA,NA,2025-07-12T17:33:18Z,NA,NA,NA,NA,NA,42,NA,He,NA,NA,NA,NA,2025-07-12T17:33:18Z,NA
99,{C2335301-C703-461F-B05F-E33666370ADE},2025-07-12T18:05:12Z,jotmille_UCSC,2025-07-13T19:49:39Z,jotmille_UCSC,Tissue sample 5,NA,48.07,NA,3.08,NA,NA,31.01,39.77,8,6,15,14,39,182,110,Reproductive,Male,Adult,79,NA,Dipodomys heermanni,Di,407,NA,NA,FONR,NA,0,294.8392080146547,250.0940856933594,2,iPad mini 6,3.61014928118684,3.14341938914341,36.66260613394979,-121.7528231708857,47.22095060348511,NA,NA,NA,NA,NA,NA,NA,2025-07-12T17:49:01Z,NA,NA,NA,NA,Part of ear missing,39,NA,HE,no,no,yes,yes,2025-07-12T17:50:15Z,NA
100,{196AB800-A8A8-4B37-8678-00BB397A9503},2025-07-12T18:14:49Z,jotmille_UCSC,2025-07-13T19:49:32Z,jotmille_UCSC,Tissue sample 10,NA,45.45,NA,30.37,NA,NA,30.23,40.51,9,7,125,14,NA,184,98,Not Reproductive,Female,Adult,68,NA,Dipodomys heermanni,Di,12,NA,NA,FONR,NA,0,56.75289538033802,266.8168029785156,2,iPad mini 6,6.482766919223241,5.548620629620924,36.6628205711277,-121.7529705770998,47.36236260272563,NA,NA,NA,NA,NA,NA,NA,2025-07-12T18:06:46Z,NA,NA,NA,NA,NA,48,NA,HE,no,no,no,yes,2025-07-12T18:07:12Z,NA
101,{6F0F6D7F-602B-4E6F-AA6E-FF766631715D},2025-07-13T15:14:24Z,jotmille_UCSC,2025-07-13T15:14:24Z,jotmille_UCSC,NA,NA,NA,NA,NA,NA,NA,NA,NA,NA,NA,NA,NA,NA,NA,NA,NA,NA,NA,NA,NA,Dipodomys heermanni,Di,NA,NA,NA,FONR,NA,0.5048019826412201,NA,241.1145629882812,2,iPhone 15 Pro Max,6.23194185382867,3,36.6663062004607,-121.765587925861,48.5571799483286,NA,NA,NA,NA,NA,NA,NA,2025-07-13T15:13:51Z,NA,NA,NA,NA,Let go before data collection,NA,NA,He,NA,NA,NA,NA,2025-07-13T15:13:52Z,NA
110,{D057E7A0-9BBE-4702-8D7D-A30BA7E35088},2025-07-13T17:13:51Z,jotmille_UCSC,2025-07-22T04:47:27Z,rmcrowle@ucsc.edu_UCSC,Tissue 18,NA,43.84,NA,3,NA,NA,26.57,42.27,8,7,17,17,NA,200,97,NA,Female,Adult,70,NA,Dipodomys heermanni,Di,106,NA,NA,FONR,NA,0.6334396541118622,NA,69.8569107055664,2,iPhone 15 Pro Max,6.03575042362729,3,36.6779561963803,-121.7677343546871,36.33817309864219,NA,NA,NA,NA,NA,NA,NA,2025-07-13T17:05:24Z,NA,NA,NA,NA,NA,39,NA,He,NA,NA,NA,NA,2025-07-13T17:06:29Z,NA
111,{495AC32D-A469-4AB6-8807-42D0445377FB},2025-07-13T17:45:09Z,jotmille_UCSC,2025-07-13T19:39:17Z,jotmille_UCSC,Tissue 1,NA,46.85,NA,3.16,NA,NA,26.2,44.78,8,7,15,14,NA,196,105,NA,Female,Adult,77,NA,Dipodomys heermanni,Di,124,NA,NA,FONR,NA,0.02617402151226997,274.672478404497,93.26949310302734,2,iPhone 15 Pro Max,4.74865153019176,8.513213312957847,36.68769905557998,-121.7803546757064,36.22445653565228,NA,NA,NA,NA,NA,NA,NA,2025-07-13T17:36:53Z,NA,NA,NA,NA,NA,40,NA,He,NA,NA,NA,NA,2025-07-13T17:36:55Z,NA
119,{2FD6F21D-BAD6-4DAB-8C82-679B58CE154E},2025-07-13T15:55:16Z,fonr_intern_UCSC,2025-07-13T19:49:25Z,jotmille_UCSC,Tissue 4,NA,46.17,NA,2.68,NA,NA,28.65,43.87,8,8,17,15,NA,189,96,Reproductive,Female,Adult,85,NA,Dipodomys heermanni,Di,112,NA,NA,FONR,NA,0,NA,138.3474731445312,2,iPad mini 6,4.748651530191761,4.029364438188556,36.66330780837386,-121.7534648628177,47.33259584661573,NA,NA,NA,NA,NA,NA,NA,2025-07-13T15:41:42Z,NA,NA,NA,NA,NA,45,NA,HE,no,no,no,yes,2025-07-13T15:41:44Z,NA
120,{09964AF5-0BEA-44F6-B7D8-3841FAC75F16},2025-07-13T16:01:06Z,fonr_intern_UCSC,2025-07-13T19:49:52Z,jotmille_UCSC,Tissue 8,NA,48.91,NA,3.84,NA,NA,26.47,41.02,8,7,17,13,NA,206,114,Not Reproductive,Male,Adult,75,NA,Dipodomys heermanni,Di,113,NA,NA,FONR,NA,0.09339931136663274,NA,327.4072875976562,2,iPad mini 6,5.165330038992426,4.07186683418829,36.66300672431274,-121.7531358728006,50.01094058714807,NA,NA,NA,NA,NA,NA,NA,2025-07-13T15:55:22Z,NA,NA,NA,NA,NA,41,NA,HE,no,no,no,yes,2025-07-13T15:55:25Z,NA
121,{F1100A79-8394-483B-8095-250519A2B38E},2025-07-13T16:15:48Z,fonr_intern_UCSC,2025-07-13T19:49:58Z,jotmille_UCSC,Tissue 3,NA,45.12,NA,3.67,NA,NA,34.51,45.44,8,6,16,8,NA,207,110,Lactating,Female,Adult,85,NA,Dipodomys heermanni,Di,114,NA,NA,FONR,NA,0.05089250071151946,NA,319.2681274414062,2,iPad mini 6,4.6604916222173864,3.183354480232956,36.66300317382354,-121.7531323969342,50.23476174473763,NA,NA,NA,NA,NA,NA,NA,2025-07-13T16:05:32Z,NA,NA,NA,NA,NA,41,NA,HE,NA,no,no,yes,2025-07-13T16:05:41Z,NA
135,{915BB543-8BDE-4434-8FB6-ABC990AB20B6},2025-09-28T15:09:04Z,jotmille_UCSC,2025-09-28T15:09:04Z,jotmille_UCSC,Let go on accident,NA,NA,NA,NA,NA,NA,NA,NA,NA,NA,17,NA,NA,191,105,NA,NA,NA,77,NA,Dipodomys heermanni,Di,NA,NA,NA,FONR,NA,2.07356858253479,173.3584246826845,53.37464904785156,2,iPhone 15 Pro Max,3.293720064025265,3,36.68559358077792,-121.775950375507,41.03301492709716,NA,NA,NA,NA,NA,NA,NA,2025-09-28T14:57:07Z,NA,NA,NA,NA,NA,NA,NA,He,NA,NA,NA,yes,2025-09-28T14:57:10Z,NA
136,{0DC47928-75E9-412F-9E46-B45E2161492D},2025-09-28T15:18:34Z,jotmille_UCSC,2025-09-28T15:18:34Z,jotmille_UCSC,2nd head width 19.62 tissue # RC2025-21,NA,47.52,4.76,2.6,NA,NA,27.54,42.95,6,6,16,9,NA,195,106,NA,NA,NA,NA,NA,Dipodomys heermanni,Di,123,NA,NA,FONR,NA,NA,NA,NA,1,NA,NA,NA,NA,NA,NA,NA,NA,NA,NA,NA,NA,NA,NA,NA,NA,NA,NA,Forelimb length 30.84,41,NA,He,NA,NA,NA,yes,2025-09-28T15:09:23Z,NA
142,{42EEBEAE-9B89-4ED0-9180-EA58D503090A},2025-09-28T16:41:05Z,jotmille_UCSC,2025-09-28T16:41:05Z,jotmille_UCSC,"Head width 2: 17.93
Forelimb length: 32.38
Vial: RC2025-27 Tissue",NA,47.36,5.13,2.68,NA,NA,26.5,44.2,8,7,16,15,40,196,100,Reproductive,Female,Adult,77,NA,Dipodomys heermanni,Di,121,NA,NA,FONR,NA,0,336.4453125,5.756379127502441,2,iPad mini 6,3.576546903473699,3,36.68749936277649,-121.780527454756,36.76576232910156,NA,NA,NA,NA,NA,NA,NA,2025-09-28T16:28:29Z,NA,NA,NA,NA,NA,NA,NA,He,no,no,no,yes,2025-09-28T16:28:34Z,NA
147,{AFB84D82-EE41-4BA0-91A3-279B999B40F5},2025-10-18T14:22:00Z,rmcrowle@ucsc.edu_UCSC,2025-10-18T14:22:00Z,rmcrowle@ucsc.edu_UCSC,NA,NA,NA,NA,NA,NA,NA,NA,NA,NA,NA,15,NA,42,199,106,NA,NA,Adult,NA,NA,Dipodomys heermanni,DI,718,NA,NA,FONR,NA,0,0,2.122423441416913,2,Samsung SM-A716U,2.82,3.29,36.6855436,-121.7759445166667,6.700000000000003,0.9,0.6,0.7,1,NA,NA,21,2025-10-18T14:16:37Z,NA,NA,NA,NA,NA,NA,NA,HE,no,no,yes,yes,2025-10-18T14:16:40Z,NA
153,{396C14E3-E92E-4903-8A8E-6ABA33E006EC},2025-10-18T14:38:59Z,rmcrowle@ucsc.edu_UCSC,2025-10-18T14:38:59Z,rmcrowle@ucsc.edu_UCSC,NA,NA,NA,NA,NA,NA,NA,NA,NA,NA,NA,NA,NA,NA,NA,NA,NA,NA,NA,NA,NA,Dipodomys heermanni,Di,123,NA,NA,FONR,NA,0,0,294.964523327026,2,Samsung SM-A716U,2.82,2.82,36.68595688333333,-121.7756732833333,4.799999999999997,0.9,0.6,0.6,1,NA,NA,22,2025-10-18T14:37:38Z,NA,NA,NA,NA,NA,NA,NA,He,no,no,yes,yes,2025-10-18T14:37:41Z,NA
155,{C0D1B3B4-432C-41EC-8C49-174B5806A752},2025-10-18T15:19:15Z,rmcrowle@ucsc.edu_UCSC,2025-10-18T15:19:15Z,rmcrowle@ucsc.edu_UCSC,"Forelimb length: 35.68
Head Width pm: 25.56
Tissue sample: 6
Nose bleeding",NA,NA,5.46,NA,NA,18.7,NA,44.01,9,7,16,15,NA,203,110,Not Reproductive,Female,Adult,NA,NA,Dipodomys heermanni,Di,120,NA,NA,FONR,NA,0,0,147.4228440266902,2,Samsung SM-A716U,2.82,2.82,36.66313093333333,-121.7534262166667,14.1,0.9,0.6,0.6,1,NA,NA,21,2025-10-18T15:06:09Z,NA,NA,NA,NA,NA,43,NA,He,no,no,no,yes,2025-10-18T15:07:05Z,3.98
156,{C89EDF0C-171A-4089-BA7C-E7B634E789E2},2025-10-18T15:34:47Z,rmcrowle@ucsc.edu_UCSC,2025-10-18T15:35:41Z,rmcrowle@ucsc.edu_UCSC,"Missing 1 toe on front right hand
Forelimb length: 37.76mm
Head Width B: 18.28mm
Head Width pm: 26.05mm
Tissue #: 1",NA,48.51,4.78,NA,NA,NA,NA,36.11,7,6,16,13,38,180,107,Unknown,Male,Adult,NA,NA,Dipodomys heermanni,Di,407,NA,NA,FONR,NA,0,0,95.77831522155225,2,Samsung SM-A716U,2.82,2.82,36.66312946666667,-121.7533687166666,14.2,0.8,0.6,0.6,1,NA,NA,22,2025-10-18T15:21:43Z,NA,NA,NA,NA,NA,NA,NA,He,yes,no,yes,yes,2025-10-18T15:21:48Z,3.01
161,{526E9DB6-9478-4173-8C63-96C6660DD3D9},2025-10-18T16:04:38Z,rmcrowle@ucsc.edu_UCSC,2025-10-18T16:04:38Z,rmcrowle@ucsc.edu_UCSC,"Forelimb length: 32.97mm
Head Width pm: 22.74
Head Width b: 23.48
",NA,47.56,4.85,2.5,NA,NA,NA,41.49,8,7,17,15,42,199,110,Reproductive,Female,Adult,NA,NA,Dipodomys heermanni,Di,115,NA,NA,FONR,NA,0,0,183.1442179339457,2,Samsung SM-A716U,2.82,3.29,36.66267143333333,-121.7528715666667,15.3,0.9,0.6,0.7,1,NA,NA,20,2025-10-18T15:52:48Z,NA,NA,NA,NA,NA,NA,NA,He,yes,no,no,yes,2025-10-18T15:52:51Z,NA
162,{8811F861-4BFE-492A-9032-F86B7FA72746},2025-10-18T16:13:51Z,rmcrowle@ucsc.edu_UCSC,2025-10-18T16:13:51Z,rmcrowle@ucsc.edu_UCSC,"Head Width pm: 25.93mm
Head Width b: 23.68mm
Forelimb length: 28.32mm
Sample #: 11",NA,46.05,4.93,2.56,NA,NA,NA,43.72,8,7,17,15,42,197,98,NA,NA,NA,NA,NA,Dipodomys heermanni,Di,119,NA,NA,FONR,NA,0,0,148.6895845705392,2,Samsung SM-A716U,2.82,3.29,36.66259986666667,-121.7528449166667,11.7,0.9,0.6,0.7,1,NA,NA,21,2025-10-18T16:04:42Z,NA,NA,NA,NA,NA,NA,NA,He,yes,NA,no,yes,2025-10-18T16:09:06Z,NA
164,{EB3440E3-55CA-43C1-9E35-9259CD5ABEAF},2025-10-18T16:31:20Z,rmcrowle@ucsc.edu_UCSC,2025-10-18T16:35:57Z,rmcrowle@ucsc.edu_UCSC,NA,NA,NA,NA,NA,NA,NA,NA,NA,NA,NA,14,NA,NA,188,115,NA,NA,NA,NA,NA,Dipodomys heermanni,Di,111,NA,NA,FONR,NA,0,0,279.0647718449634,2,Samsung SM-A716U,2.82,3.29,36.66637428333333,-121.7656266,13.7,0.9,0.6,0.7,1,NA,NA,21,2025-10-18T16:28:00Z,NA,NA,NA,NA,NA,44,NA,He,no,no,yes,yes,2025-10-18T16:28:10Z,NA
165,{BBD6D5CC-8CDE-41DF-80A9-E1A5D63D0BD0},2025-10-18T16:50:15Z,rmcrowle@ucsc.edu_UCSC,2025-10-18T16:50:15Z,rmcrowle@ucsc.edu_UCSC,"Sample: 20
Forelimb length: 33.53
Head Width b: 21.99
Extra finger/claw on front and hind limbs
Black facial marks contiguous/continuous
Head seemed narrower than usual",NA,47.5,4.83,3.52,NA,NA,15.82,41.65,8,7,18,14,NA,202,110,Unknown,Female,Adult,67,NA,Dipodomys heermanni,Di,118,NA,NA,FONR,NA,0,0,255.0710412907607,2,Samsung SM-A716U,2.82,3.29,36.66633936666667,-121.7655512333333,9.299999999999997,0.9,0.6,0.7,1,NA,NA,21,2025-10-18T16:37:21Z,NA,NA,NA,NA,NA,41,NA,He,no,no,no,yes,2025-10-18T16:37:22Z,NA
167,{5EABB43D-2206-4ACC-98A1-C9F1FB3B79B2},2025-10-18T17:05:11Z,rmcrowle@ucsc.edu_UCSC,2025-10-18T17:05:11Z,rmcrowle@ucsc.edu_UCSC,"Forelimb length: 33.68mm
Head Width pm: 23.82mm
Head Width b: 23.04mm
Sample #: 25
Very strong light patches above eye
Black tail had two black strips",NA,48.45,4.63,3.2,NA,NA,NA,44.2,8,7,16,14,44,194,103,NA,Female,Adult,NA,NA,Dipodomys heermanni,Di,117,NA,NA,FONR,NA,0,0,336.3577014616146,2,Samsung SM-A716U,2.82,3.29,36.66723401666666,-121.7661409333333,7.299999999999997,0.9,0.6,0.7,1,NA,NA,22,2025-10-18T16:56:10Z,NA,NA,NA,NA,NA,NA,NA,He,yes,no,no,yes,2025-10-18T16:56:11Z,NA
168,{8BA7AB7E-F1E5-475A-B0A1-65B73EF5C0DB},2025-10-18T17:27:30Z,rmcrowle@ucsc.edu_UCSC,2025-10-18T17:27:30Z,rmcrowle@ucsc.edu_UCSC,NA,NA,NA,NA,NA,NA,NA,NA,NA,NA,NA,NA,NA,NA,NA,NA,NA,NA,Adult,NA,NA,Dipodomys heermanni,Di,122,NA,NA,FONR,NA,0,0,138.9140812266335,2,Samsung SM-A716U,2.35,3.29,36.68751131666667,-121.7796006166667,3.800000000000001,0.9,0.5,0.7,1,NA,NA,24,2025-10-18T17:26:59Z,NA,NA,NA,NA,NA,NA,NA,He,NA,NA,yes,NA,2025-10-18T17:27:01Z,NA
170,{40B82B91-8F47-4644-8900-8FFDED046EE3},2025-10-18T17:44:25Z,rmcrowle@ucsc.edu_UCSC,2025-10-18T17:44:25Z,rmcrowle@ucsc.edu_UCSC,NA,NA,NA,NA,NA,NA,NA,NA,NA,NA,NA,NA,NA,NA,NA,NA,NA,NA,NA,NA,NA,Dipodomys heermanni,Di,121,NA,NA,FONR,NA,0.2015114437881646,-1,52.25909805297852,2,iPhone 13 Pro,6.542565644845835,3.929299130785964,36.68752484973338,-121.7802865552578,37.0160842705518,NA,NA,NA,NA,NA,NA,NA,2025-10-18T17:40:30Z,NA,NA,NA,NA,NA,NA,NA,He,yes,no,yes,yes,2025-10-18T17:40:56Z,NA
173,{FD2D5FE8-BDCB-4492-855D-13D48BE32D10},2025-10-18T18:11:02Z,rmcrowle@ucsc.edu_UCSC,2025-10-18T18:11:02Z,rmcrowle@ucsc.edu_UCSC,"Forelimb length: 34.99mm
Head width pm: 24.68
Head width b: 20.49
Sample ran away",NA,44.36,4.99,2.83,NA,NA,NA,42.67,8,6,15,13,40,204,104,Not Reproductive,Female,Adult,NA,NA,Dipodomys heermanni,Di,116,NA,NA,FONR,NA,0,189.9882517411885,291.9158020019531,2,iPhone 13 Pro,4.91473520043367,3.90737213644317,36.68751021384634,-121.780288133438,37.37569722440094,NA,NA,NA,NA,NA,NA,NA,2025-10-18T17:49:10Z,NA,NA,NA,NA,NA,NA,NA,He,yes,no,no,yes,2025-10-18T17:59:17Z,NA
176,{E351002D-7BFA-4018-9761-38A378B9B1A2},2025-10-19T14:35:52Z,jotmille_UCSC,2025-10-19T14:35:52Z,jotmille_UCSC,Tissue #19,NA,43.05,5.2,2.61,NA,19.6,16.88,41.97,7,7,16,13,NA,190,106,NA,NA,Adult,NA,NA,Dipodomys heermanni,Di,992,NA,NA,FONR,NA,0.6404127851040811,164.4192497453132,102.9452514648438,2,iPhone 15 Pro Max,3.71320840105061,3.140149361521906,36.6874422675652,-121.779456503098,33.40942751429975,NA,NA,NA,NA,NA,NA,NA,2025-10-19T14:28:46Z,NA,NA,NA,NA,NA,41,NA,He,NA,NA,NA,NA,2025-10-19T14:28:47Z,NA
180,{F756D7E1-74B6-48ED-AA47-211BDDA36FF8},2025-10-19T14:51:32Z,jotmille_UCSC,2025-10-19T14:51:32Z,jotmille_UCSC,NA,NA,46.79,4.76,2.71,NA,20.44,23.52,41.17,9,7,14,12,NA,191,110,NA,Female,Adult,NA,NA,Dipodomys heermanni,Di,978,NA,NA,FONR,NA,0,-1,224.4320068359375,2,iPhone 15 Pro Max,4.166553510922277,3,36.6876660851677,-121.7803928101249,33.06060658860952,NA,NA,NA,NA,NA,NA,NA,2025-10-19T14:44:28Z,NA,NA,NA,NA,NA,40,NA,He,NA,NA,NA,yes,2025-10-19T14:44:31Z,NA
183,{AC65D88D-C677-4BDA-AFB8-B733EEA3F9CD},2025-10-19T15:03:55Z,jotmille_UCSC,2025-10-19T15:03:55Z,jotmille_UCSC,NA,NA,49.11,5.41,3.18,NA,23.01,24.05,42.53,8,8,16,12,NA,203,120,NA,Female,NA,NA,NA,Dipodomys heermanni,di,951,NA,NA,FONR,NA,0.6053696393966674,-1,107.2394485473633,2,iPhone 15 Pro Max,7.119590140701342,3,36.68748540929324,-121.7803943822532,36.72257782779836,NA,NA,NA,NA,NA,NA,NA,2025-10-19T14:55:33Z,NA,NA,NA,NA,NA,42,NA,He,NA,NA,NA,yes,2025-10-19T14:55:35Z,NA
187,{4228C5A7-4E4C-4A8C-8D1D-5B9B788B9F59},2025-10-19T16:16:17Z,jotmille_UCSC,2025-10-19T16:16:17Z,jotmille_UCSC,NA,NA,46.48,5.55,3.04,NA,22.59,17.12,42.57,7,7,15,12,NA,186,108,NA,Female,Adult,NA,NA,Dipodomys heermanni,Di,982,NA,NA,FONR,NA,0,-1,251.4042358398438,2,iPhone 15 Pro Max,6.528857432424358,3,36.66312009771188,-121.7535108105976,47.02528760954738,NA,NA,NA,NA,NA,NA,NA,2025-10-19T16:16:07Z,NA,NA,NA,NA,NA,42,NA,He,NA,NA,NA,yes,2025-10-19T16:09:41Z,NA
192,{F548107E-574E-46AA-B984-E5ED096D15C8},2025-10-19T16:26:04Z,jotmille_UCSC,2025-10-19T16:26:04Z,jotmille_UCSC,NA,NA,NA,NA,NA,NA,NA,NA,NA,NA,NA,NA,NA,NA,NA,NA,NA,NA,NA,NA,NA,Dipodomys heermanni,Di,119,NA,NA,FONR,NA,0.7568726599216461,-1,347.323974609375,2,iPhone 15 Pro Max,4.379279771512661,3,36.66270063379185,-121.7528659164464,49.31815780568507,NA,NA,NA,NA,NA,NA,NA,2025-10-19T16:25:37Z,NA,NA,NA,NA,NA,NA,NA,He,NA,NA,yes,yes,2025-10-19T16:25:39Z,NA
195,{C733DD13-F235-460A-B614-7D04F4B798CF},2025-10-19T16:46:18Z,jotmille_UCSC,2025-10-19T16:46:18Z,jotmille_UCSC,NA,NA,45.6,5.09,2.7,NA,20.15,26.01,44.93,7,6,16,14,NA,199,110,NA,Female,Adult,NA,NA,Dipodomys heermanni,Di,946,NA,NA,FONR,NA,0.3354570180675239,-1,11.09484672546387,2,iPhone 15 Pro Max,4.99322700443733,3,36.66651110874065,-121.7658456255575,44.71940512210131,NA,NA,NA,NA,NA,NA,NA,2025-10-19T16:46:12Z,NA,NA,NA,NA,NA,43,NA,He,NA,NA,NA,yes,2025-10-19T16:38:25Z,NA
196,{32F48946-E3E0-4EF8-B02B-9BCE4C0FE0DC},2025-10-19T16:46:45Z,jotmille_UCSC,2025-10-19T16:46:45Z,jotmille_UCSC,NA,NA,NA,NA,NA,NA,NA,NA,NA,NA,NA,NA,NA,NA,NA,NA,NA,NA,NA,NA,NA,Dipodomys heermanni,Di,111,NA,NA,FONR,NA,0,-1,15.17422771453857,2,iPhone 15 Pro Max,5.0997070334730346,3,36.66651477046535,-121.7658473826022,44.71075011231005,NA,NA,NA,NA,NA,NA,NA,2025-10-19T16:46:20Z,NA,NA,NA,NA,NA,NA,NA,He,NA,NA,yes,yes,2025-10-19T16:46:22Z,NA
197,{60552B21-629F-4534-B872-6AAC6071B873},2025-10-19T16:47:07Z,jotmille_UCSC,2025-10-19T16:47:07Z,jotmille_UCSC,NA,NA,NA,NA,NA,NA,NA,NA,NA,NA,NA,NA,NA,NA,NA,NA,NA,NA,NA,NA,NA,Dipodomys heermanni,Di,118,NA,NA,FONR,NA,0,-1,25.3099536895752,2,iPhone 15 Pro Max,5.604384704156377,3,36.66650834120809,-121.7658397350478,44.62534949276596,NA,NA,NA,NA,NA,NA,NA,2025-10-19T16:46:48Z,NA,NA,NA,NA,NA,NA,NA,He,NA,NA,yes,yes,2025-10-19T16:46:50Z,NA
198,{9185CAF5-749F-4BBE-A1E1-9AE8C0650EB0},2025-10-19T16:49:49Z,jotmille_UCSC,2025-10-19T16:49:49Z,jotmille_UCSC,NA,NA,NA,NA,NA,NA,NA,NA,NA,NA,NA,NA,NA,NA,NA,NA,NA,NA,NA,NA,NA,Dipodomys heermanni,Di,117,NA,NA,FONR,NA,2.389708113670336,36.23818256463844,262.5702209472656,2,iPhone 15 Pro Max,4.74865153019176,3.177796772398057,36.66723044182828,-121.76607994995,44.89072242937982,NA,NA,NA,NA,NA,NA,NA,2025-10-19T16:48:54Z,NA,NA,NA,NA,NA,NA,NA,He,NA,NA,yes,yes,2025-10-19T16:49:19Z,NA
